name,pubCode,description,startDate,endDate
"bgc.analyte","d15N","Ratio of 15N:14N in a sample relative to atmospheric N2",2012-01-01T00:00:00Z,
"bgc.analyte","d13C","Ratio of 13C:12C in a sample relative to VPDB",2012-01-01T00:00:00Z,
"bgc.analyte","carbonPercent","Percent carbon in a sample on a dry weight basis",2012-01-01T00:00:00Z,
"bgc.analyte","nitrogenPercent","Percent nitrogen in a sample on a dry weight basis",2012-01-01T00:00:00Z,
"bgc.analyte","CNratio","Ratio of carbon to nitrogen concentration in a sample on a dry weight basis",2012-01-01T00:00:00Z,
"bgc.analyteUnits","permill","Indicator that the units are permill",2012-01-01T00:00:00Z,
"bgc.analyteUnits","percent","Indicator that the units are percent",2012-01-01T00:00:00Z,
"bgc.cnIsotopeQF","OK","both d15N and d13C values are ok, no issues",2012-01-01T00:00:00Z,
"bgc.cnIsotopeQF","sample d15N out of qaqc tolerance","d15N value is out of laboratory qaqc tolerance, use with caution",2012-01-01T00:00:00Z,
"bgc.cnIsotopeQF","sample d13C out of qaqc tolerance","d13C value is out of laboratory qaqc tolerance, use with caution",2012-01-01T00:00:00Z,
"bgc.cnIsotopeQF","sample d15N and d13C out of qaqc tolerance","both d15N and d13C values are out of laboratory qaqc tolerance, use with caution",2012-01-01T00:00:00Z,
"bgc.cnPercentQF","OK","both percent nitrogen and percent carbon data are ok, no issues",2012-01-01T00:00:00Z,
"bgc.cnPercentQF","sample percent N out of qaqc tolerance","percent nitrogen is out of laboratory qaqc tolerance, use with caution",2012-01-01T00:00:00Z,
"bgc.cnPercentQF","sample percent C out of qaqc tolerance","percent carbon is out of laboratory qaqc tolerance, use with caution",2012-01-01T00:00:00Z,
"bgc.cnPercentQF","sample percent N and C out of qaqc tolerance","both percent nitrogen and percent carbon are out of laboratory qaqc tolerance, use with caution",2012-01-01T00:00:00Z,
"bgc.isotopeAccuracyQF","OK","observed values of run QA material fall within acceptance criteria for stable isotopes",2012-01-01T00:00:00Z,
"bgc.isotopeAccuracyQF","d15N run QA criteria not met","observed values of run QA material do not meet acceptance criteria for d15N",2012-01-01T00:00:00Z,
"bgc.isotopeAccuracyQF","d13C run QA criteria not met","observed values of run QA material do not meet acceptance criteria for d13C",2012-01-01T00:00:00Z,
"bgc.isotopeAccuracyQF","d15N and d13C run QA criteria not met","observed values of run QA material do not meet acceptance criteria for d15N or d13C",2012-01-01T00:00:00Z,
"bgc.percentAccuracyQF","OK","observed values of run QA material fall within acceptance criteria for percent concentration",2012-01-01T00:00:00Z,
"bgc.percentAccuracyQF","percent N run QA criteria not met","observed values of run QA material do not meet acceptance criteria for percent nitrogen",2012-01-01T00:00:00Z,
"bgc.percentAccuracyQF","percent C run QA criteria not met","observed values of run QA material do not meet acceptance criteria for percent carbon",2012-01-01T00:00:00Z,
"bgc.percentAccuracyQF","percent C and N run QA criteria not met","observed values of run QA material do not meet acceptance criteria for percent nitrogen or carbon",2012-01-01T00:00:00Z,
"bgc.sampleType","vegetation","Indicator that vegetation is being measured",2012-01-01T00:00:00Z,
"bgc.sampleType","soil","Indicator that soil is being measured",2012-01-01T00:00:00Z,
"biophysicalCriteria","OK - no known exceptions","Sampling occurred on schedule, no known issues",2012-01-01T00:00:00Z,
"biophysicalCriteria","OK - schedule change but conditions met","Sampling occurred not within defined sampling window but reflects the target biophysical conditions",2012-01-01T00:00:00Z,
"biophysicalCriteria","conditions not met","Sampling does not reflect the target biophysical conditions",2012-01-01T00:00:00Z,
"biophysicalCriteria","other","Other potential sample timing inconsistencies described in the remarks",2012-01-01T00:00:00Z,
"biophysicalCriteria","conditions not met: most plants senesced","Sampling does not reflect the target biophysical conditions, most plants senesced",2012-01-01T00:00:00Z,
"biophysicalCriteria","conditions not met: most plants not yet flowering","Sampling does not reflect the target biophysical conditions, most plants not yet in flower",2012-01-01T00:00:00Z,
"biophysicalCriteria","unknown - logistical","Sampling not possible due to logistical considerations",2012-01-01T00:00:00Z,
"biophysicalCriteria","drought conditions","Sampling does not reflect the target biophysical conditions, abundance and composition of flora is drought compromised",2012-01-01T00:00:00Z,
"biophysicalCriteria","conditions not met: drought conditions","Sampling does not reflect the target biophysical conditions, abundance and composition of flora is drought compromised",2012-01-01T00:00:00Z,
"cfc.bgcSampleCondition","OK","Sample condition ok",2012-01-01T00:00:00Z,
"cfc.bgcSampleCondition","oven temperature out of range","Oven temperature used for sample processing out of range specified in protocol",2012-01-01T00:00:00Z,
"cfc.bgcSampleCondition","samples held longer than 5 days before processing","Samples held longer than 5 days before processing began, deviation from protocol",2012-01-01T00:00:00Z,
"cfc.bgcSampleCondition","other","Other (specified in remarks)",2012-01-01T00:00:00Z,
"cfc.canopyStatus","true canopy","Individual is part of the canopy, crown height is similar to neighboring sunlit plants",2019-12-01T00:00:00Z,
"cfc.canopyStatus","sunlit gap","Individual is not part of the canopy, sample is only sunlit because it is found in a gap and neighboring sunlit plants are significantly taller",2019-12-01T00:00:00Z,
"cfc.chlAnalyte","chlorophyll A","chlorophyll A",2012-01-01T00:00:00Z,
"cfc.chlAnalyte","chlorophyll B","chlorophyll B",2012-01-01T00:00:00Z,
"cfc.chlAnalyte","carotenoids","carotenoids",2012-01-01T00:00:00Z,
"cfc.chlAnalyte","turbidity","turbidity",2012-01-01T00:00:00Z,
"cfc.chlAnalyteUnits","ug chlorophyll per mL","ug chlorophyll per mL",2012-01-01T00:00:00Z,
"cfc.chlAnalyteUnits","mg chlorophyll per gram","mg chlorophyll per gram",2012-01-01T00:00:00Z,
"cfc.chlFieldSampleCondition","OK","Sample condition ok",2012-01-01T00:00:00Z,
"cfc.chlFieldSampleCondition","flash freeze method deviation","Method for flash freezing tissue deviated from protocol",2012-01-01T00:00:00Z,
"cfc.chlFieldSampleCondition","cold chain broken","Cold chain broken",2012-01-01T00:00:00Z,
"cfc.chlFieldSampleCondition","other","Other (specified in remarks)",2012-01-01T00:00:00Z,
"cfc.chlHandlingQF","OK","no issues to report",2012-01-01T00:00:00Z,
"cfc.chlHandlingQF","standard holding time exceeded","sample was not processed within the planned holding time of 14 days from collection",2012-01-01T00:00:00Z,
"cfc.chlHandlingQF","standard extraction time exceeded","sample was extracted for longer than the planned maximum duration of 48 hours",2012-01-01T00:00:00Z,
"cfc.chlHandlingQF","standard extraction and holding times exceeded","sample was not processed within the planned holding time of 14 days from collection and was extracted for longer than the planned maximum duration of 48 hours",2012-01-01T00:00:00Z,
"cfc.chlMeasurementQF","OK","sample measurement ok, no issues to report",2012-01-01T00:00:00Z,
"cfc.chlMeasurementQF","absorbance value below optimal range","absorbance value below 0.2, the reported optimal range for this method",2012-01-01T00:00:00Z,
"cfc.chlMeasurementQF","absorbance value above optimal range","absorbance value above 0.9, the reported optimal range for this method",2012-01-01T00:00:00Z,
"cfc.chlRelativeAccuracyScale","A","observed value of run QA material(s) within 0-5% of known value",2012-01-01T00:00:00Z,
"cfc.chlRelativeAccuracyScale","B","observed value of run QA material(s) within 5-10% of known value",2012-01-01T00:00:00Z,
"cfc.chlRelativeAccuracyScale","C","observed value of run QA material(s) within 10-20% of known value",2012-01-01T00:00:00Z,
"cfc.chlRelativeAccuracyScale","D","observed value of run QA material(s) greater than 20% deviation from known value",2012-01-01T00:00:00Z,
"cfc.chlSampleCondition","OK","foliage in ok condition, no issues to report",2012-01-01T00:00:00Z,
"cfc.chlSampleCondition","wilted","foliage wilted",2012-01-01T00:00:00Z,
"cfc.chlSampleCondition","brown","foliage brown",2012-01-01T00:00:00Z,
"cfc.chlSampleCondition","thawed","foliage not maintained frozen prior to analysis",2012-01-01T00:00:00Z,
"cfc.chlSampleCondition","wilted","foliage wilted",2012-01-01T00:00:00Z,
"cfc.chlSampleCondition","brown","foliage brown",2012-01-01T00:00:00Z,
"cfc.chlSampleCondition","thawed","foliage not maintained frozen prior to analysis",2012-01-01T00:00:00Z,
"cfc.chlSampleCondition","other","other foliage condition, noted in remarks",2012-01-01T00:00:00Z,
"cfc.chlSampleType","purified chlorophyll","purified chlorophyll",2012-01-01T00:00:00Z,
"cfc.chlSampleType","standard leaves","standard leaves",2012-01-01T00:00:00Z,
"cfc.chlSampleType","spirulina","spirulina",2012-01-01T00:00:00Z,
"cfc.chlSampleType","other","other",2012-01-01T00:00:00Z,
"cfc.eleAnalyte","calcium","calcium",2012-01-01T00:00:00Z,
"cfc.eleAnalyte","phosphorus","phosphorus",2012-01-01T00:00:00Z,
"cfc.eleAnalyte","potassium","potassium",2012-01-01T00:00:00Z,
"cfc.eleAnalyte","magnesium","magnesium",2012-01-01T00:00:00Z,
"cfc.eleAnalyte","sulfur","sulfur",2012-01-01T00:00:00Z,
"cfc.eleAnalyte","manganese","manganese",2012-01-01T00:00:00Z,
"cfc.eleAnalyte","iron","iron",2012-01-01T00:00:00Z,
"cfc.eleAnalyte","copper","copper",2012-01-01T00:00:00Z,
"cfc.eleAnalyte","boron","boron",2012-01-01T00:00:00Z,
"cfc.eleAnalyte","zinc","zinc",2012-01-01T00:00:00Z,
"cfc.eleAnalyteUnits","percent","percent",2012-01-01T00:00:00Z,
"cfc.eleAnalyteUnits","mg per kg","mg per kg",2012-01-01T00:00:00Z,
"cfc.elementsQF","OK","data ok, no issue to report",2012-01-01T00:00:00Z,
"cfc.elementsQF","sample value outlier","the measured value of the analyte for the sample is a high-value outlier, results were confirmed before reporting",2012-01-01T00:00:00Z,
"cfc.elementsQF","sample value outlier - soil contamination","the measured value of the analyte for the sample is a high-value outlier likely due to soil contamination, results were confirmed before reporting",2012-01-01T00:00:00Z,
"cfc.elementsQF","sample value outlier - reanalysis not possible","the measured value of the analyte for the sample is a high-value outlier, results were not confirmed due to insufficient sample",2012-01-01T00:00:00Z,
"cfc.elementsQF","standard value out of range","the measured value of the analyte for the standard analyzed as unknown did not meet NEON quality assurance criteria, samples could not be rerun",2012-01-01T00:00:00Z,
"cfc.elementsQF","other","some other issue with measurements related to the analyte, with details in remarks",2012-01-01T00:00:00Z,
"cfc.lmaSampleCondition","OK","Sample condition ok",2012-01-01T00:00:00Z,
"cfc.lmaSampleCondition","cold chain broken","Cold chain broken",2012-01-01T00:00:00Z,
"cfc.lmaSampleCondition","invalid fresh mass","Error while taking fresh mass measurement, invalid value, not recorded",2012-01-01T00:00:00Z,
"cfc.lmaSampleCondition","invalid leaf area","Error with scanned lead area measurement, invalid value, data removed",2012-01-01T00:00:00Z,
"cfc.lmaSampleCondition","samples held longer than 5 days before processing","Samples held longer than 5 days before processing, deviation from protocol",2012-01-01T00:00:00Z,
"cfc.lmaSampleCondition","other","Other (specified in remarks)",2012-01-01T00:00:00Z,
"cfc.plantStatus","OK","Any individual that is of typical mature, healthy, peak-green status for the ecosystem in question at the time of sampling",2012-01-01T00:00:00Z,2019-01-01T00:00:00Z
"cfc.plantStatus","Insect damaged","Visible damage caused by insects; type noted in remarks if possible (e.g., mountain pine beetle, gypsy moth, etc.)",2012-01-01T00:00:00Z,2019-01-01T00:00:00Z
"cfc.plantStatus","Disease damaged","Visible damage cause by disease; type noted in remarks if possible (e.g., Blister Rust, rot, canker, etc.)",2012-01-01T00:00:00Z,2019-01-01T00:00:00Z
"cfc.plantStatus","Physically damaged","Visible damage caused by a physical processes; details noted in remarks if possible (e.g., broken stem, snow/ice damage, crushed, struck by lightning, bole scorch, etc.)",2012-01-01T00:00:00Z,2019-01-01T00:00:00Z
"cfc.plantStatus","Other damage","Visible damage of unknown origin; details noted in remarks if possible",2012-01-01T00:00:00Z,2019-01-01T00:00:00Z
"cfc.plantStatus","OK","Any individual that is of typical mature, healthy, peak-green status for the ecosystem in question at the time of sampling",2018-01-01T00:00:00Z,
"cfc.plantStatus","Insect damaged","Visible damage caused by insects; type noted in remarks if possible (e.g., mountain pine beetle, gypsy moth, etc.)",2018-01-01T00:00:00Z,
"cfc.plantStatus","Disease damaged","Visible damage cause by disease; type noted in remarks if possible (e.g., Blister Rust, rot, canker, etc.)",2018-01-01T00:00:00Z,
"cfc.plantStatus","Physically damaged","Visible damage caused by a physical processes; details noted in remarks if possible (e.g., broken stem, snow/ice damage, crushed, struck by lightning, bole scorch, etc.)",2018-01-01T00:00:00Z,
"cfc.plantStatus","Other damage","Visible damage of unknown origin; details noted in remarks if possible",2018-01-01T00:00:00Z,
"cfc.plantStatus","Leaves not fully expanded","Leaves not yet mature, individual likely sampled following a distrubance (e.g., fire); details noted in remarks if possible",2018-01-01T00:00:00Z,
"cfc.plantStatus","Leaves beginning to senesce","Leaves beginning to senesce, individual likely sampled outside of peak green conditions or stressed (e.g., drought, heat, etc.); details noted in remarks if possible",2018-01-01T00:00:00Z,
"cfc.sampleCondition","OK","Sample condition ok",2012-01-01T00:00:00Z,
"cfc.sampleCondition","cold chain broken","Cold chain broken",2012-01-01T00:00:00Z,
"cfc.sampleCondition","dried and brown tissue, representative of the plot","Dried and brown tissue sampled since that was the dominant condition in that plot",2012-01-01T00:00:00Z,
"cfc.sampleCondition","other","Other (specified in remarks)",2012-01-01T00:00:00Z,
"cfc.sampleType","Woody individual","Foliar material from a woody individual",2012-01-01T00:00:00Z,
"cfc.sampleType","Herbaceous clip strip","Foliar material from an herbaceous clip strip",2012-01-01T00:00:00Z,
"cfc.samplingMethod","clippers","Clippers used to collect foliage samples",2012-01-01T00:00:00Z,
"cfc.samplingMethod","pole pruner","Ploe Pruner used to collect foliage samples",2012-01-01T00:00:00Z,
"cfc.samplingMethod","line launcher","Line launcher used to collect foliage samples",2012-01-01T00:00:00Z,
"cfc.samplingMethod","slingshot","Slingshot used to collect foliage samples",2012-01-01T00:00:00Z,
"cfc.samplingMethod","shotgun","Shotgun used to collect foliage samples",2012-01-01T00:00:00Z,
"cfc.samplingMethod","tree climbers","Tree climbers used to collect foliage samples",2012-01-01T00:00:00Z,
"cfc.samplingMethod","other","Other method used to collect foliage samples",2012-01-01T00:00:00Z,
"cfc.samplingMethod","UAV","Unmanned aerial vehicle used to collect foliage samples",2012-01-01T00:00:00Z,
"cfc.samplingProtocolVersion","NEON.DOC.001024vD","Version D of the Canopy Foliage Sampling protocol used",2012-01-01T00:00:00Z,
"cfc.samplingProtocolVersion","NEON.DOC.001024vE","Version E of the Canopy Foliage Sampling protocol used",2012-01-01T00:00:00Z,
"cfc.samplingProtocolVersion","NEON.DOC.001024vF","Version F of the Canopy Foliage Sampling protocol used",2018-01-01T00:00:00Z,
"cfc.samplingProtocolVersion","NEON.DOC.001024vH","Version H of the Canopy Foliage Sampling protocol used",2019-01-01T00:00:00Z,
"cfc.toxicodendron","Y","Sample may contain Toxicodendron spp",2012-01-01T00:00:00Z,
"cfc.toxicodendron","N","Sample does not contain Toxicodendron spp",2012-01-01T00:00:00Z,
"cfc.vstTag","Y","Individual sampled for canopy foliage is tagged for vegetation structure monitoring, more data expected in vst product",2012-01-01T00:00:00Z,
"cfc.vstTag","N","Individual sampled for canopy foliage is not tagged for vegetation structure monitoring, no vst data expected",2012-01-01T00:00:00Z,
"cfc.vstTag","unknown","Individual was sampled for canopy foliage before vegetation structure monitoring began, unsure if vst data will be available",2012-01-01T00:00:00Z,
"Identification Qualifiers","cf. species","roughly equals but 'not sure' about the species",2012-01-01T00:00:00Z,
"Identification Qualifiers","aff. species","similar to but is not the species",2012-01-01T00:00:00Z,
"Identification Qualifiers","cf. genus","roughly equals but 'not sure' about the genus",2012-01-01T00:00:00Z,
"Identification Qualifiers","aff. genus","similar to but is not the genus",2012-01-01T00:00:00Z,
"Identification Qualifiers","cf. subspecies","roughly equals but 'not sure' about the subspecies",2012-01-01T00:00:00Z,
"Identification Qualifiers","aff. subspecies","similar to but is not the subspecies",2012-01-01T00:00:00Z,
"Identification Qualifiers","cf. family","roughly equals but 'not sure' about the family",2012-01-01T00:00:00Z,
"Identification Qualifiers","aff. family","similar to but is not the family",2012-01-01T00:00:00Z,
"Identification Qualifiers","cf. variety","roughly equals but 'not sure' about the variety",2012-01-01T00:00:00Z,
"Identification Qualifiers","aff. variety","similar to but is not the variety",2012-01-01T00:00:00Z,
"ltr.functionalGroup","Leaves","Leaves and leaf material from broadleaf species",2012-01-01T00:00:00Z,
"ltr.functionalGroup","Needles","Needles from conifierous species",2012-01-01T00:00:00Z,
"ltr.functionalGroup","Twigs/branches","Small twigs and branches less than 2cm diameter",2012-01-01T00:00:00Z,
"ltr.functionalGroup","Woody material","Woody material including cones, bark, and other lignified tissue",2012-01-01T00:00:00Z,
"ltr.functionalGroup","Seeds","Seeds and attached structures",2012-01-01T00:00:00Z,
"ltr.functionalGroup","Flowers","Flowers and other non-woody reproductive structures",2012-01-01T00:00:00Z,
"ltr.functionalGroup","Other","Lichen, mosses, and other unidentifiable material",2012-01-01T00:00:00Z,
"ltr.functionalGroup","Mixed","Mixed, unsorted material",2012-01-01T00:00:00Z,
"ltr.ligAccuracyQF","OK","observed values of run QA material fall within acceptance criteria",2012-01-01T00:00:00Z,
"ltr.ligAccuracyQF","run QA criteria not met","observed values of run QA material do not fall within acceptance criteria, samples cannot be re-run",2012-01-01T00:00:00Z,
"ltr.ligAnalyte","lignin","lignin",2012-01-01T00:00:00Z,
"ltr.ligAnalyte","cellulose","cellulose",2012-01-01T00:00:00Z,
"ltr.ligAnalyteUnits","percent","percent",2012-01-01T00:00:00Z,
"ltr.ligMeasurementQF","OK","sample data ok, no issues to report",2012-01-01T00:00:00Z,
"ltr.ligMeasurementQF","other","other issue with the sample measurement, more detail in remarks",2012-01-01T00:00:00Z,
"ltr.ligMeasurementQF","possible sample leakage - increased uncertainty","blank bag correction indicates potential fiber particle loss during digestion, value has increased uncertainty",2012-01-01T00:00:00Z,
"ltr.ligMeasurementQF","sample value outlier","sample value is an outlier, use with caution",2012-01-01T00:00:00Z,
"ltr.samplingProtocolVersion","NEON.DOC.001710vC","Protocol version C",2012-01-01T00:00:00Z,2020-04-01T00:00:00Z
"ltr.samplingProtocolVersion","NEON.DOC.001710vD","Protocol version D",2012-01-01T00:00:00Z,2020-04-01T00:00:00Z
"ltr.samplingProtocolVersion","NEON.DOC.001710vE","Protocol version E",2012-01-01T00:00:00Z,2020-04-01T00:00:00Z
"ltr.samplingProtocolVersion","NEON.DOC.001710vF","Protocol version F",2012-01-01T00:00:00Z,2020-04-01T00:00:00Z
"ltr.samplingProtocolVersion","NEON.DOC.001710vG","Protocol version G",2012-01-01T00:00:00Z,2020-04-01T00:00:00Z
"ltr.samplingProtocolVersion","NEON.DOC.001710vH","Protocol version H",2019-03-01T00:00:00Z,
"ltr.samplingProtocolVersion","Prototype - 2020","Functional groups pooled by site for chemical analyses prototype, not in published protocol. See DPUG for details.",2020-03-01T00:00:00Z,
"ltr.trapCondition","OK - Litter collected - Trap in good shape, no issues","OK - Litter collected - Trap in good shape, no issues",2012-01-01T00:00:00Z,
"ltr.trapCondition","TE - Litter not collected - trap empty","TE - Litter not collected - trap empty",2012-01-01T00:00:00Z,
"ltr.trapCondition","HO - Litter not collected - Holes large enough for leaves to pass through","HO - Litter not collected - Holes large enough for leaves to pass through",2012-01-01T00:00:00Z,
"ltr.trapCondition","TB - Litter not collected - trap blocked","TB - Litter not collected - trap blocked",2012-01-01T00:00:00Z,
"ltr.trapCondition","TT - Litter not collected - trap tilted","TT - Litter not collected - trap tilted",2012-01-01T00:00:00Z,
"ltr.trapCondition","RE - Litter not collected - trap broken, requires replacement","RE - Litter not collected - trap broken, requires replacement",2012-01-01T00:00:00Z,
"ltr.trapCondition","TS - Litter not collected, not discarded - trap skipped","TS - Litter not collected, not discarded - trap skipped",2012-01-01T00:00:00Z,
"ltr.trapCondition","PF - Litter collected - Trap previously flooded","PF - Litter collected - Trap previously flooded",2012-01-01T00:00:00Z,
"ltr.trapPlacement","Random","Trap location based on random selection",2012-01-01T00:00:00Z,
"ltr.trapPlacement","Targeted","Trap location based on targeted selection",2012-01-01T00:00:00Z,
"ltr.trapType","Elevated","Elevated trap",2012-01-01T00:00:00Z,
"ltr.trapType","Ground","Ground trap",2012-01-01T00:00:00Z,
"ntr.ammoniumNQF","OK","No issues to report",2012-01-01T00:00:00Z,
"ntr.ammoniumNQF","below method detection limit","Sample ammonium N concentration below the minimum detection limit",2012-01-01T00:00:00Z,
"ntr.ammoniumNQF","blank value outlier","Blank value flagged an an outlier",2012-01-01T00:00:00Z,
"ntr.ammoniumNQF","blanks exceed sample value","Mean concentration value of the three blanks extracted with the sample is higher than the observed sample concentration",2012-01-01T00:00:00Z,
"ntr.ammoniumNQF","other","Other issue, described in remarks",2012-01-01T00:00:00Z,
"ntr.analyte","NH4-N","Measurement of ammonium N",2012-01-01T00:00:00Z,
"ntr.analyte","NO3+NO2-N","Measurement of nitrate + nitrite N",2012-01-01T00:00:00Z,
"ntr.analyteUnits","milligramsPerLiter","Unit of measurement is milligrams per liter",2012-01-01T00:00:00Z,
"ntr.labSampleCondition","ok","Sample maintained frozen until analysis, no issue to report",2012-01-01T00:00:00Z,
"ntr.labSampleCondition","thawed but cold","Sample thawed but stayed cold prior to analysis",2012-01-01T00:00:00Z,
"ntr.labSampleCondition","thawed and warm","Sample thawed and warmed prior to analysis",2012-01-01T00:00:00Z,
"ntr.labSampleCondition","leaked","Sample leaked prior to analysis",2012-01-01T00:00:00Z,
"ntr.labSampleCondition","thawed but cold","Sample thawed but stayed cold prior to analysis",2012-01-01T00:00:00Z,
"ntr.labSampleCondition","thawed and warm","Sample thawed and warmed prior to analysis",2012-01-01T00:00:00Z,
"ntr.labSampleCondition","leaked","Sample leaked prior to analysis",2012-01-01T00:00:00Z,
"ntr.labSampleCondition","other","Other issue, typically noted in remarks",2012-01-01T00:00:00Z,
"ntr.nitrateNitriteNQF","OK","No issues to report",2012-01-01T00:00:00Z,
"ntr.nitrateNitriteNQF","below method detection limit","Sample nitrate + nitrite N concentration below the minimum detection limit",2012-01-01T00:00:00Z,
"ntr.nitrateNitriteNQF","blank value outlier","Blank value flagged an an outlier",2012-01-01T00:00:00Z,
"ntr.nitrateNitriteNQF","blanks exceed sample value","Mean concentration value of the three blanks extracted with the sample is higher than the observed sample concentration",2012-01-01T00:00:00Z,
"ntr.nitrateNitriteNQF","other","Other issue, described in remarks",2012-01-01T00:00:00Z,
"ntr.sampleCondition","OK","Sample condition OK",2012-01-01T00:00:00Z,
"ntr.sampleCondition","soil stored at incorrect temperature","Soil stored at incorrect temperature",2012-01-01T00:00:00Z,
"ntr.sampleCondition","sample cup leaked during extraction","Sample cup leaked during extraction",2012-01-01T00:00:00Z,
"ntr.sampleCondition","extract stored at incorrect temperature","Extract stored at incorrect temperature",2012-01-01T00:00:00Z,
"ntr.sampleCondition","extract thawed but cold","Extract thawed but cold",2021-09-01T00:00:00Z,
"ntr.sampleCondition","extract thawed and warm","Extract thawed and warm",2021-09-01T00:00:00Z,
"ntr.sampleCondition","other","Other (specified in remarks)",2012-01-01T00:00:00Z,
"ntr.sampleCondition","mass uncertain","Mass of soil used for extraction is approximate",2012-01-01T00:00:00Z,
"ntr.sampleCondition","volume uncertain","Volume of potassium chloride used for extraction is approximate",2012-01-01T00:00:00Z,
"ntr.sampleType","water","Analyte dissolved in water",2012-01-01T00:00:00Z,
"ntr.sampleType","KCl","Analyte dissolved in potassium chloride",2012-01-01T00:00:00Z,
"samplingImpractical","location dry","location dry",2012-01-01T00:00:00Z,
"samplingImpractical","location frozen","location frozen",2012-01-01T00:00:00Z,
"samplingImpractical","location snow covered","location snow covered",2012-01-01T00:00:00Z,
"samplingImpractical","other","Sampling location inaccessible due to other ecological reason described in the remarks",2012-01-01T00:00:00Z,
"samplingImpractical","shallow groundwater","shallow groundwater; depth of groundwater column less than 0.5 m",2012-01-01T00:00:00Z,
"samplingImpractical","low yield groundwater","low yield groundwater well",2012-01-01T00:00:00Z,
"samplingImpractical","high water velocity","high water velocity",2012-01-01T00:00:00Z,
"samplingImpractical","staff gauge disturbed","staff gauge disturbed",2012-01-01T00:00:00Z,
"samplingImpractical","staff gauge not installed","staff gauge not installed",2012-01-01T00:00:00Z,
"samplingImpractical","OK","OK",2012-01-01T00:00:00Z,
"samplingImpractical","coordinates not suitable","Maximum number of attempts made to sample within a subplot were unsuccessful",2012-01-01T00:00:00Z,
"samplingImpractical","location flooded","location flooded",2012-01-01T00:00:00Z,
"samplingImpractical","logistical","logistical",2012-01-01T00:00:00Z,
"samplingImpractical","management","management",2012-01-01T00:00:00Z,
"samplingImpractical","extreme weather","extreme weather",2012-01-01T00:00:00Z,
"samplingImpractical","location burned","location burned",2012-01-01T00:00:00Z,
"samplingImpractical","temperature low","temperature low",2012-01-01T00:00:00Z,
"samplingImpractical","temperature high","temperature high",2012-01-01T00:00:00Z,
"samplingImpractical","disturbance","samples not collected due to disturbance",2012-01-01T00:00:00Z,
"samplingImpractical","too windy","too windy",2012-01-01T00:00:00Z,
"samplingImpractical","horizon not present","horizon not present in the incubated soil sample",2012-01-01T00:00:00Z,
"samplingImpractical","location wet","location too wet due to rain or dew",2012-01-01T00:00:00Z,
"samplingImpractical","not all samples collected on this date","not all samples collected on this date",2012-01-01T00:00:00Z,
"samplingImpractical","exclosure cell not clipped, livestock absent","exclosure clip cell not harvested, cattle absent during previous grazing interval",2012-01-01T00:00:00Z,
"samplingImpractical","ambient cell not clipped, livestock absent","ambient clip cell not harvested, cattle absent during previous grazing interval",2012-01-01T00:00:00Z,
"samplingImpractical","wildfire","sampling location inaccessible due to active wildfire or post fire safety hazards",2012-01-01T00:00:00Z,
"samplingImpractical","wildlife hazard","wildlife hazard, specific hazard described in remarks",2012-01-01T00:00:00Z,
"sls.boutType","biogeochemistry","Biogeochemistry sampling",2012-01-01T00:00:00Z,
"sls.boutType","microbes","Microbe sampling",2012-01-01T00:00:00Z,
"sls.boutType","microbesBGC","Microbe and biogeochemistry sampling",2012-01-01T00:00:00Z,
"sls.boutType","microbesBiomass","Microbes and biomass sampling",2012-01-01T00:00:00Z,
"sls.boutType","microbesBiomassBGC","Microbes, biomass, and biogeochemistry sampling",2012-01-01T00:00:00Z,
"sls.boutType","fieldOnly","Sampling not in conjunction with microbes, biomass or biogeochemistry",2012-01-01T00:00:00Z,
"sls.geneticPreparation","dry ice","Dry ice used to flash-freeze specimen following field collection",2012-01-01T00:00:00Z,
"sls.geneticPreparation","ice packs","Ice packs used to freeze specimen following field collection",2012-01-01T00:00:00Z,
"sls.geneticPreparation","other","Other method used to preserve specimen following field collection",2012-01-01T00:00:00Z,
"sls.geneticSampleCondition","cold chain broken","Cold chain broken",2012-01-01T00:00:00Z,
"sls.geneticSampleCondition","OK","Sample condition OK",2012-01-01T00:00:00Z,
"sls.geneticSampleCondition","other","Other",2012-01-01T00:00:00Z,
"sls.horizon","O","Soil core collected from the organic horizon",2012-01-01T00:00:00Z,
"sls.horizon","M","Soil core collected from the mineral horizon",2012-01-01T00:00:00Z,
"sls.horizonDetails","OK","OK, no inconsistencies",2012-01-01T00:00:00Z,
"sls.horizonDetails","Thin O horizon present","Thin O horizon present",2012-01-01T00:00:00Z,
"sls.horizonDetails","Thin M horizon present","Thin M horizon present",2012-01-01T00:00:00Z,
"sls.horizonDetails","Horizon indeterminate","Soil horizon was mis-classified or could not be accurately classified in the field",2012-01-01T00:00:00Z,
"sls.horizonDetails","Water table encountered","Water table was encountered when sampling horizon",2012-01-01T00:00:00Z,
"sls.horizonDetails","other","Horizon not fitting Protocol definitions due to other reason described in the remarks",2012-01-01T00:00:00Z,
"sls.horizonDetails","Mature biological soil crust present","Mature biological soil crust was present and homogenized in to the soil sample",2012-01-01T00:00:00Z,
"sls.incubationCondition","OK","Incubation condition as expected, no issues to report",2012-01-01T00:00:00Z,
"sls.incubationCondition","cap missing","Cap was removed and core found uncovered",2012-01-01T00:00:00Z,
"sls.incubationCondition","disturbed by animal, sitting on surface","Core or bag was distrubed by an animal and moved from in-situ location to soil surface",2012-01-01T00:00:00Z,
"sls.incubationCondition","other","Other, with details explained in remarks",2012-01-01T00:00:00Z,
"sls.incubationCondition","borehole had water","Water was present in the borehole when cylinder was removed",2017-01-01T00:00:00Z,
"sls.incubationCondition","buried bag had water","Buried bag contained excess water upon retrieval, suggesting leak or bad seal",2017-01-01T00:00:00Z,
"sls.incubationCondition","animal chewed hole in bag","Animal or insect chewed a small hole in the bag",2017-01-01T00:00:00Z,
"sls.incubationCondition","incomplete sample recovery","Incomplete soil material recovered, most common when soil falls out of the core upon retrieval",2017-01-01T00:00:00Z,
"sls.incubationCondition","sample destroyed, not saved","Sample destroyed during incubation, not saved or processed",2017-01-01T00:00:00Z,
"sls.incubationCondition","sample not found","Sample not found following incubation",2017-01-01T00:00:00Z,
"sls.incubationMethod","no incubation","No incubation was conducted",2012-01-01T00:00:00Z,
"sls.incubationMethod","covered core","Sample incubation with covered core method",2012-01-01T00:00:00Z,
"sls.incubationMethod","buried bag","Sample incubation with buried bag method",2012-01-01T00:00:00Z,
"sls.nTransBout","tInitial","Collection of initial N transformation core",2012-01-01T00:00:00Z,
"sls.nTransBout","tFinal","Collection of incubated N transformation core",2012-01-01T00:00:00Z,
"sls.nTransBout","No","No N transformation sample collection",2012-01-01T00:00:00Z,
"sls.sampleCondition","oven temperature out of range","Oven temperature used for sample processing out of the acceptable range",2012-01-01T00:00:00Z,
"sls.sampleCondition","storage temperature out of range","Sample storage temperature out of the acceptable range",2012-01-01T00:00:00Z,
"sls.sampleCondition","OK","Sample condition OK",2012-01-01T00:00:00Z,
"sls.sampleExtent","entire","Sample represents the full extent of the sampled horizon",2012-01-01T00:00:00Z,
"sls.sampleExtent","obstruction","Sample extends to an obstruction such as a rock or large root",2012-01-01T00:00:00Z,
"sls.sampleExtent","maximum","Sample collected to the maximum depth defined in the protocol",2012-01-01T00:00:00Z,
"sls.sampleExtent","other","Other",2012-01-01T00:00:00Z,
"sls.sampleTiming","wetDryTransition","Transition from wet to dry season",2012-01-01T00:00:00Z,
"sls.sampleTiming","winterSpringTransition","Transition from winter to spring season",2012-01-01T00:00:00Z,
"sls.sampleTiming","peakGreenness","Summer/peak greenness sampling",2012-01-01T00:00:00Z,
"sls.sampleTiming","dryWetTransition","Transition from dry to wet season",2012-01-01T00:00:00Z,
"sls.sampleTiming","fallWinterTransition","Transition from fall to winter season",2012-01-01T00:00:00Z,
"sls.sampleTiming","drySeason","Dry season",2012-01-01T00:00:00Z,
"sls.sampleTiming","other","Season not represented in options list",2012-01-01T00:00:00Z,
"sls.samplingProtocolVersion","NEON.DOC.014048vC","NEON.DOC.014048vC",2012-01-01T00:00:00Z,
"sls.samplingProtocolVersion","NEON.DOC.014048vD","NEON.DOC.014048vD",2012-01-01T00:00:00Z,
"sls.samplingProtocolVersion","NEON.DOC.014048vE","NEON.DOC.014048vE",2012-01-01T00:00:00Z,
"sls.samplingProtocolVersion","NEON.DOC.014048vF","NEON.DOC.014048vF",2012-01-01T00:00:00Z,
"sls.samplingProtocolVersion","NEON.DOC.014048vG","NEON.DOC.014048vG",2012-01-01T00:00:00Z,
"sls.samplingProtocolVersion","NEON.DOC.014048vB","NEON.DOC.014048vB",2012-01-01T00:00:00Z,
"sls.samplingProtocolVersion","NEON.DOC.014048vH","NEON.DOC.014048vH",2012-01-01T00:00:00Z,
"sls.samplingProtocolVersion","NEON.DOC.014048vJ","NEON.DOC.014048vJ",2012-01-01T00:00:00Z,
"sls.samplingProtocolVersion","NEON.DOC.014048vK","NEON.DOC.014048vK",2012-01-01T00:00:00Z,
"sls.samplingProtocolVersion","NEON.DOC.004130vA","NEON.DOC.004130vA",2012-01-01T00:00:00Z,
"sls.samplingProtocolVersion","NEON.DOC.004130vC","NEON.DOC.004130vC",2012-01-01T00:00:00Z,
"sls.samplingProtocolVersion","NEON.DOC.014048vL","NEON.DOC.014048vL",2019-01-01T00:00:00Z,
"sls.samplingProtocolVersion","NEON.DOC.004130vD","NEON.DOC.004130vD",2019-01-01T00:00:00Z,
"sls.samplingProtocolVersion","NEON.DOC.014048vM","NEON.DOC.014048vM",2019-01-01T00:00:00Z,
"sls.samplingProtocolVersion","NEON.DOC.004130vE","NEON.DOC.004130vE",2019-01-01T00:00:00Z,
"sls.samplingProtocolVersion","NEON.DOC.014048vN","NEON.DOC.014048vN",2019-01-01T00:00:00Z,
"sls.soilSamplingDevice","auger","Soil auger used to obtain the sample",2012-01-01T00:00:00Z,
"sls.soilSamplingDevice","probe","Soil probe used to obtain the sample",2012-01-01T00:00:00Z,
"sls.soilSamplingDevice","corer","Soil corer used to obtain the sample",2012-01-01T00:00:00Z,
"sls.soilSamplingDevice","trowl","Trowel used to obtain the sample",2012-01-01T00:00:00Z,
"sls.soilSamplingDevice","bulb corer","Bulb corer auger used to obtain the sample",2012-01-01T00:00:00Z,
"sls.soilSamplingDevice","brownie cutter","10 cm square frame",2012-01-01T00:00:00Z,
"sls.soilSamplingDevice","sediment sampler","coring device specifically designed for sampling sediment",2012-01-01T00:00:00Z,
"sls.soilSamplingDevice","PVC tube","PVC tube",2012-01-01T00:00:00Z,
"sls.soilSamplingDevice","other","Other device used to obtain the sample",2012-01-01T00:00:00Z,
"sls.subplotID","21","Subplot named according to pointID of the southwest corner",2012-11-01T00:00:00Z,
"sls.subplotID","23","Subplot named according to pointID of the southwest corner",2012-11-01T00:00:00Z,
"sls.subplotID","39","Subplot named according to pointID of the southwest corner",2012-11-01T00:00:00Z,
"sls.subplotID","41","Subplot named according to pointID of the southwest corner",2012-11-01T00:00:00Z,
"vst.bandCondition","ok","Dendrometer band in good condition",2019-01-01T00:00:00Z,
"vst.bandCondition","reset","Dendrometer band undamaged but location has shifted, gap measured prior to resetting",2019-01-01T00:00:00Z,
"vst.bandCondition","replaced","Dendrometer band damaged, no measurement possible, band replaced",2019-01-01T00:00:00Z,
"vst.bandCondition","measuredAndReplaced","Dendrometer band damaged, lower quality measurement made, band replaced",2019-01-01T00:00:00Z,
"vst.canopyPosition","Open grown","Full sun, not touching other plants, with crowns that have received full light from above and from all sides throughout most of its life, particularly during its early developmental period",2012-01-01T00:00:00Z,
"vst.canopyPosition","Full sun","Crown receiving full light from above and partly from the sides. Their crown form or shape appears to be free of influence from neighboring plants",2012-01-01T00:00:00Z,
"vst.canopyPosition","Partially shaded","Crown receive full light from above but little direct sunlight penetrates their sides",2012-01-01T00:00:00Z,
"vst.canopyPosition","Mostly shaded","Individuals that receive little direct light from above and none from the sides",2012-01-01T00:00:00Z,
"vst.canopyPosition","Full shade","Individuals that receive no direct sunlight either from above or the sides",2012-01-01T00:00:00Z,
"vst.changedMeasurementLocation","noChange","measurement location is consistent with previous measurement location",2020-01-01T00:00:00Z,
"vst.changedMeasurementLocation","deformityGrowth","growth of a deformity compromises past measurement location",2020-01-01T00:00:00Z,
"vst.changedMeasurementLocation","branchGrowth","growth of a branch compromises past measurement location",2020-01-01T00:00:00Z,
"vst.changedMeasurementLocation","damage","localized damage compromises past measurement location",2020-01-01T00:00:00Z,
"vst.changedMeasurementLocation","newRootingPoint","the measurement location is shifted relative to a new rooting point",2020-01-01T00:00:00Z,
"vst.changedMeasurementLocation","boleChange","a different emergent bole is selected for measurement",2020-01-01T00:00:00Z,
"vst.changedMeasurementLocation","protocolChange","measurement requirements changed between protocol versions",2020-01-01T00:00:00Z,
"vst.dataCollected","allGrowthForms","All qualifying growth forms measured",2019-01-01T00:00:00Z,
"vst.dataCollected","dendrometerOnly","Only stems with dendrometer bands measured",2019-01-01T00:00:00Z,
"vst.dataCollected","partial","Scheduled sampling partially completed. This is a protocol deviation and should occur infrequently.",2020-10-01T00:00:00Z,
"vst.eventType","towerSubset","Subset of plots measured for productivity analyses",2019-01-01T00:00:00Z,
"vst.eventType","distributedAndTowerSubset","All Distributed plots and a subset of Tower plots measured",2019-01-01T00:00:00Z,
"vst.eventType","allTowerPlots","All Tower plots measured",2019-01-01T00:00:00Z,
"vst.eventType","distributedOnly","Only Distributed plots measured",2020-01-01T00:00:00Z,
"vst.growthForm","single bole tree","Tree with single primary supporting stem",2012-01-01T00:00:00Z,
"vst.growthForm","multi-bole tree","Tree with multiple primary supporting stems",2012-01-01T00:00:00Z,
"vst.growthForm","small tree","Tree with diameter between 1 and 10 cm. and height > 130 centimeters",2012-01-01T00:00:00Z,
"vst.growthForm","sapling","Young tree with diameter < 1 cm at 10cm along the stem",2012-01-01T00:00:00Z,
"vst.growthForm","liana","Non self-supporting woody plant",2012-01-01T00:00:00Z,
"vst.growthForm","single shrub","A self-supporting individual, typically with multiple primary stems, at least one of which has a diameter > 1 centimeter at 130 centimeters high ",2012-01-01T00:00:00Z,
"vst.growthForm","small shrub","A self-supporting individual, typically with multiple primary stems, at least one of which has a diameter > 1 centimeter at 10 centimeters high ",2012-01-01T00:00:00Z,
"vst.growthForm","fern","Spore bearing vascular species with frond length >30 centimeters, excluding tree ferns",2012-01-01T00:00:00Z,
"vst.growthForm","cactus","Any member of the family Cactaceae",2012-01-01T00:00:00Z,
"vst.growthForm","yucca","Yucca, agave and other non-woody, basal rosette subshrubs",2012-01-01T00:00:00Z,
"vst.growthForm","xerophyllum","Any member of the genus Xerophyllum",2012-01-01T00:00:00Z,
"vst.growthForm","palm","Any member of the family Arecaceae",2012-01-01T00:00:00Z,
"vst.growthForm","ocotillo","Foquieria splendens and all associated subspecies",2012-01-01T00:00:00Z,
"vst.growthForm","tree fern","Large palmlike ferns with a trunklike stem bearing a crown of large fronds (e.g. Cibotium spp. and Sadleria spp.)",2018-01-01T00:00:00Z,
"vst.nestedSubplot","3","Nested subplot identifier, NW corner",2012-01-01T00:00:00Z,
"vst.nestedSubplot","4","Nested subplot identifier, NE corner",2012-01-01T00:00:00Z,
"vst.nestedSubplot","1","Nested subplot identifier, SW corner",2012-01-01T00:00:00Z,
"vst.nestedSubplot","2","Nested subplot identifier, SE corner",2012-01-01T00:00:00Z,
"vst.nestedSubplotArea","1","Data collected within 1 m2 sampling areas",2012-01-01T00:00:00Z,
"vst.nestedSubplotArea","3","Data collected within 3 m2 sampling areas",2012-01-01T00:00:00Z,
"vst.nestedSubplotArea","10","Data collected within 10 m2 sampling areas",2012-01-01T00:00:00Z,
"vst.nestedSubplotArea","25","Data collected within 25 m2 sampling areas",2012-01-01T00:00:00Z,
"vst.nestedSubplotArea","100","Data collected within 100 m2 sampling areas",2012-01-01T00:00:00Z,
"vst.nestedSubplotArea","noneSelected","No nested subplot area defined, data are collected within the entire subplot",2012-01-01T00:00:00Z,
"vst.nestedSubplotArea","unknown","Nested subplot area not recorded actual sampling area is not known for certain.",2012-01-01T00:00:00Z,
"vst.nestedSubplotArea","notAssessed","Vegetation type not considered for the specified event type",2019-01-01T00:00:00Z,
"vst.plantStatus","Live","Any live, undamaged individual  (new, re-measured or ingrowth)",2012-01-01T00:00:00Z,
"vst.plantStatus","Standing dead","Standing dead tree or standing dead bole within a multi-bole tree, regardless of cause of death. The entire tree or bole must be dead, and the main bole is NOT broken",2012-01-01T00:00:00Z,
"vst.plantStatus","Removed","An individual that has been cut and removed by direct human activity related to harvesting, silviculture or land clearing (re-measurement plots only)",2012-01-01T00:00:00Z,
"vst.plantStatus","Live, insect damaged","Visible damage caused by insects; note 'crown' or 'bole' damage in remarks, and indicate type of insect causing damage if possible (e.g., mountain pine beetle, gypsy moth, etc.)",2012-01-01T00:00:00Z,
"vst.plantStatus","Live, disease damaged","Visible damage cause by disease; note 'crown' or 'bole' damage in remarks, and indicate type of disease causing damage if possible (e.g., Blister Rust, rot, canker, other (specify), unknown",2012-01-01T00:00:00Z,
"vst.plantStatus","Live, physically damaged","Visible damage not caused by disease or insects; note 'crown' or 'bole' damage in remarks, and indicate type of physical damage if possible (e.g., broken stem, bole scar, girdling, snow/ice damage, crushed, lightning, crown scorch, bole scorch)",2012-01-01T00:00:00Z,
"vst.plantStatus","Live,  other damage","Visible damage of unknown origin; note 'crown' or 'bole' damage in remarks, and note cause if possible",2012-01-01T00:00:00Z,
"vst.plantStatus","No longer qualifies","Individual is still alive and may qualify in the future, but does not currently qualify. Reason noted in remarks (e.g., consumption of qualifying boles / stems by fire, blow-down of qualifying boles / stems, etc.)",2012-01-01T00:00:00Z,
"vst.plantStatus","Live, broken bole","Tree with broken spike top, tree with broken main bole and ascending leaders, tree broken and dead at top but live below",2012-01-01T00:00:00Z,
"vst.plantStatus","Dead, broken bole","All parts of the broken tree are dead; may have broken spike top, or dead leaders ascending beyond the break point. Indicate factors associated with death and the source of damage in order of importance in the remarks field",2012-01-01T00:00:00Z,
"vst.plantStatus","Lost, burned","A previously measured individual that is not measured in the current bout because the plot has been burned and the individual could not be located for remeasurement",2012-01-01T00:00:00Z,
"vst.plantStatus","Lost, herbivory","A previously measured individual that is not measured in the current bout because the individual could not be located for remeasurement. Cause of loss is presumed to be herbivory",2012-01-01T00:00:00Z,
"vst.plantStatus","Lost, presumed dead","A previously measured individual that is not measured in the current bout because the individual could not be located for remeasurement, the individual is presumed dead based on evidence within the plot. Note in remarks reason (i.e. blowdown event)",2012-01-01T00:00:00Z,
"vst.plantStatus","Lost, tag damaged","A previously measured individual that is not measured in the current bout due to inability to re-locate because of widespread damage to tags within a plot",2012-01-01T00:00:00Z,2018-11-01T00:00:00Z
"vst.plantStatus","Lost, fate unknown","A previously measured individual that is not measured in the current bout note because the individual could not be relocated",2012-01-01T00:00:00Z,
"vst.plantStatus","Downed","Part or all of a dead tree is down, and in contact with the ground. Percent of the bole in direct contact with the ground recorded in remarks",2012-01-01T00:00:00Z,
"vst.recordType","map and tag","Permanently tagged individual with taxonomic data, general location and within plot relative position mapping",2012-01-01T00:00:00Z,
"vst.recordType","tag only","Permanently tagged individual with taxonomic data and general location (e.g. plot, subplot)",2012-01-01T00:00:00Z,
"vst.recordType","temporary","Temporary tag for an individual that is not tracked through time; contains taxonomic and general location data",2012-01-01T00:00:00Z,
"vst.recordType","band","Permanently tagged individual with taxonomic data, relative mapping and dendrometer band installed",2019-08-01T00:00:00Z,
"vst.samplingProtocolVersion","NEON.DOC.000987vA","Data collected according to protocol version A",2012-01-01T00:00:00Z,
"vst.samplingProtocolVersion","NEON.DOC.000987vB","Data collected according to protocol version B",2012-01-01T00:00:00Z,
"vst.samplingProtocolVersion","NEON.DOC.000987vC","Data collected according to protocol version C",2012-01-01T00:00:00Z,
"vst.samplingProtocolVersion","NEON.DOC.000987vD","Data collected according to protocol version D",2012-01-01T00:00:00Z,
"vst.samplingProtocolVersion","NEON.DOC.000987vE","Data collected according to protocol version E",2012-01-01T00:00:00Z,
"vst.samplingProtocolVersion","NEON.DOC.000987vF","Data collected according to protocol version F",2012-01-01T00:00:00Z,
"vst.samplingProtocolVersion","NEON.DOC.000987vG","Data collected according to protocol version G",2012-01-01T00:00:00Z,
"vst.samplingProtocolVersion","NEON.DOC.000987vH","Data collected according to protocol version H",2012-01-01T00:00:00Z,
"vst.samplingProtocolVersion","NEON.DOC.000987vJ","Data collected according to protocol version J",2019-01-01T00:00:00Z,
"vst.shape","half-sphere","half-sphere",2012-01-01T00:00:00Z,
"vst.shape","oblate half-sphere","oblate half-sphere",2012-01-01T00:00:00Z,
"vst.shape","cone","cone",2012-01-01T00:00:00Z,
"vst.shape","inverted cone","inverted cone",2012-01-01T00:00:00Z,
"vst.shape","cylinder","cylinder",2012-01-01T00:00:00Z,
"vst.shape","ellipsoid or sphere","ellipsoid or sphere",2012-01-01T00:00:00Z,
"vst.shape","vine","vine",2012-01-01T00:00:00Z,
"vst.shape","columnar","columnar",2012-01-01T00:00:00Z,
"vst.shape","pad","Pad forming growth pattern (e.g. Opuntia spp.)",2012-01-01T00:00:00Z,
"vst.subplot","32","Subplot named according to pointID of the southwest corner",2012-01-01T00:00:00Z,
"vst.subplot","31","Subplot named according to pointID of the southwest corner",2012-01-01T00:00:00Z,
"vst.subplot","21","Subplot named according to pointID of the southwest corner",2012-01-01T00:00:00Z,
"vst.subplot","23","Subplot named according to pointID of the southwest corner",2012-01-01T00:00:00Z,
"vst.subplot","40","Subplot named according to pointID of the southwest corner",2012-01-01T00:00:00Z,
"vst.subplot","39","Subplot named according to pointID of the southwest corner",2012-01-01T00:00:00Z,
"vst.subplot","41","Subplot named according to pointID of the southwest corner",2012-01-01T00:00:00Z,
"vst.tagStatus","ok","Tag is attached to individual and consistent with previously entered value",2012-01-01T00:00:00Z,
"vst.tagStatus","replaced","Tag was no longer attached and has been re-made or reattached",2012-01-01T00:00:00Z,
"vst.tagStatus","mislabeled","TagID was incorrectly recorded and has been reassigned",2012-01-01T00:00:00Z,2018-11-01T00:00:00Z
"vst.tagStatus","untagged","Measured individual does not have unique tagID assigned",2012-01-01T00:00:00Z,2018-11-01T00:00:00Z
"vst.tagStatus","unknown","Tagged individual could not be re-located for measurement",2012-01-01T00:00:00Z,2018-11-01T00:00:00Z
"vst.tagStatus","removed","Tagged individuals no longer qualifies for measurement according to any protocol and tagID will not be used again at the site",2012-01-01T00:00:00Z,2018-12-31T00:00:00Z
"vst.tagStatus","notRequired","Measured individual does not have unique tagID assigned, no status reported",2012-01-01T00:00:00Z,
"vst.tagStatus","tagRemoved","Tagged individuals no longer qualifies for measurement according to any protocol and tagID will not be used again at the site",2018-01-01T00:00:00Z,
"Yes or No choice","Y","Yes",2012-01-01T00:00:00Z,
"Yes or No choice","N","No",2012-01-01T00:00:00Z,
"Yes, No, or Unknown choice","Y","Yes",2012-01-01T00:00:00Z,
"Yes, No, or Unknown choice","N","No",2012-01-01T00:00:00Z,
"Yes, No, or Unknown choice","U","Unknown",2012-01-01T00:00:00Z,
