uid,namedLocation,domainID,siteID,plotID,plotType,nlcdClass,geodeticDatum,decimalLatitude,decimalLongitude,coordinateUncertainty,elevation,elevationUncertainty,samplingProtocolVersion,collectDate,aopCollectDate,samplingImpractical,subplotID,sampleType,samplingMethod,sampleID,sampleCode,sampleCondition,chlorophyllSampleID,chlorophyllSampleCode,chlorophyllSampleCondition,clipCellNumber,clipID,clipLength,clipWidth,percentCoverClip,toxicodendronPossible,vstTag,tagID,individualID,taxonID,scientificName,plantStatus,canopyPosition,canopyStatus,subsample1Height,subsample2Height,subsample3Height,crownPolygonID,crownPolygonConfidence,shapefileID,collectedBy,recordedBy,remarks,dataQF
"baedebaf-a689-4f09-8639-480d47c223b2","MLBS_061.basePlot.cfc","D07","MLBS","MLBS_061","tower","deciduousForest","WGS84",37.376631,-80.519800,20.1,1169.0,0.22,"NEON.DOC.001024vE","2018-06-18T13:16Z","2018-06-15",,"41","Woody individual","line launcher","gv/1/Di3XvFTqEI7hs3lyU6EUYKptnufiYcmBMGcKtM=","A00000012510",,"gv/1/Di3XvFTqEI7hs3lyU6EUYKptnuf3QnI5GgcBuQ=","B00000025502",,,,,,,,"Y","00197","NEON.PLA.D07.MLBS.00197","QUAL","Quercus alba L.","Insect damaged",,,14.2,13.9,,,,,"mcumberland@battelleecology.org","agifford@battelleecology.org",,
"9d4f2014-b507-4be7-819e-bdf414b58400","MLBS_061.basePlot.cfc","D07","MLBS","MLBS_061","tower","deciduousForest","WGS84",37.376631,-80.519800,20.1,1169.0,0.22,"NEON.DOC.001024vE","2018-06-18T14:27Z","2018-06-15",,"41","Woody individual","line launcher","gv/1/Di3XvHs3TiUgQrYnylvV/FrlVzvg2kcspFw1bw=","A00000012528",,"gv/1/Di3XvHs3TiUgQrYnylvV/FrlVzvXiMBXMkQ8xQ=","B00000025489",,,,,,,,"Y","00183","NEON.PLA.D07.MLBS.00183","ACRU","Acer rubrum L.","OK",,,13.4,13.3,,,,,"mcumberland@battelleecology.org","agifford@battelleecology.org",,
"bc4f70d4-ff3f-4d91-8329-b3d99c3cfbda","MLBS_009.basePlot.cfc","D07","MLBS","MLBS_009","distributed","deciduousForest","WGS84",37.374434,-80.518487,20.2,1177.6,0.22,"NEON.DOC.001024vE","2018-06-18T18:35Z","2018-06-15",,"31","Woody individual","line launcher","gv/1/Di3XvGwPyjkavET/K7FvPj0qjUQYGzjC3Kk2MA=","A00000012198",,"gv/1/Di3XvGwPyjkavET/K7FvPj0qjUQ2D1Wf0ukTww=","B00000025518",,,,,,,,"Y","01486","NEON.PLA.D07.MLBS.01486","QURU","Quercus rubra L.","Insect damaged",,,15.4,,,,,,"mcumberland@battelleecology.org","agifford@battelleecology.org",,
"9802f209-c3cc-4379-bbb2-0deb7463c343","MLBS_009.basePlot.cfc","D07","MLBS","MLBS_009","distributed","deciduousForest","WGS84",37.374434,-80.518487,20.2,1177.6,0.22,"NEON.DOC.001024vE","2018-06-18T18:59Z","2018-06-15",,"31","Woody individual","line launcher","gv/1/Di3XvGwPyjkavET/OtGBjnV7ZW8FYSc6il2NZA=","A00000012261",,"gv/1/Di3XvGwPyjkavET/OtGBjnV7ZW8WAR1NwrlRU8=","B00000025504",,,,,,,,"Y","01455","NEON.PLA.D07.MLBS.01455","QURU","Quercus rubra L.","Insect damaged",,,15.5,16.0,,,,,"mcumberland@battelleecology.org","agifford@battelleecology.org",,
"b114a3cc-f289-465e-956a-33cd8eb3acec","MLBS_009.basePlot.cfc","D07","MLBS","MLBS_009","distributed","deciduousForest","WGS84",37.374434,-80.518487,20.2,1177.6,0.22,"NEON.DOC.001024vE","2018-06-18T19:40Z","2018-06-15",,"31","Woody individual","line launcher","gv/1/Di3XvEZ32fKrFrcU8wetWGgE6zT0F6OY71J6HU=","A00000012526",,"gv/1/Di3XvEZ32fKrFrcU8wetWGgE6zTYp8FlIrmHR0=","B00000025485",,,,,,,,"Y","01489","NEON.PLA.D07.MLBS.01489","QUAL","Quercus alba L.","Insect damaged",,,14.4,,,,,,"mcumberland@battelleecology.org","agifford@battelleecology.org",,
"f7e6160f-0980-452a-a8ae-eb4490664363","MLBS_061.basePlot.cfc","D07","MLBS","MLBS_061","tower","deciduousForest","WGS84",37.376631,-80.519800,20.1,1169.0,0.22,"NEON.DOC.001024vE","2018-06-18T20:43Z","2018-06-15",,"23","Woody individual","line launcher","gv/1/Di3XvHFA0Y+9+F4I7qfOIUNfjfxi/Hn7wGjyQg=","A00000012211",,"gv/1/Di3XvHFA0Y+9+F4I7qfOIUNfjfx0Nwi+Br9tOM=","B00000025516",,,,,,,,"Y","00133","NEON.PLA.D07.MLBS.00133","AMLA","Amelanchier laevis Wiegand","OK",,,12.3,13.3,,,,,"mcumberland@battelleecology.org","agifford@battelleecology.org",,
"a9782081-b3d1-441c-aed0-0ab777d79976","MLBS_063.basePlot.cfc","D07","MLBS","MLBS_063","tower","deciduousForest","WGS84",37.377486,-80.527932,20.3,1175.7,0.36,"NEON.DOC.001024vE","2018-06-19T11:43Z","2018-06-15",,"23","Woody individual","line launcher","gv/1/Di3XvEJrFEmNh8BI0ZK2sqPOPYFrhBSRC5YC8s=","A00000012511",,"gv/1/Di3XvEJrFEmNh8BI0ZK2sqPOPYFD4p5Xshy44o=","B00000025501",,,,,,,,"Y","01022","NEON.PLA.D07.MLBS.01022","QUAL","Quercus alba L.","Insect damaged",,,15.8,,,,,,"mcumberland@battelleecology.org","agifford@battelleecology.org",,
"4adf52e0-9b0e-4c9a-add7-b0723b5b558e","MLBS_063.basePlot.cfc","D07","MLBS","MLBS_063","tower","deciduousForest","WGS84",37.377486,-80.527932,20.3,1175.7,0.36,"NEON.DOC.001024vE","2018-06-19T12:26Z","2018-06-15",,"23","Woody individual","line launcher","gv/1/Di3XvFIAAmccByPPzLrCbRZO/U55h9TSSDCP3A=","A00000012529",,"gv/1/Di3XvFIAAmccByPPzLrCbRZO/U5Xl0831/OFEY=","B00000025490",,,,,,,,"Y","01019","NEON.PLA.D07.MLBS.01019","QURU","Quercus rubra L.","Insect damaged",,,17.0,,,,,,"mcumberland@battelleecology.org","agifford@battelleecology.org",,
"a85d3e03-f071-48f2-8fdf-78dce936c8c0","MLBS_064.basePlot.cfc","D07","MLBS","MLBS_064","tower","deciduousForest","WGS84",37.375560,-80.520200,20.3,1179.4,0.34,"NEON.DOC.001024vE","2018-06-19T15:23Z","2018-06-15",,"21","Woody individual","line launcher","gv/1/Di3XvHdPsxwxTV2La8MDi4DOgmIxQ48I4EIoJ0=","A00000012213",,"gv/1/Di3XvHdPsxwxTV2La8MDi4DOgmIQU49BM0Q5to=","B00000025514",,,,,,,,"Y","00042","NEON.PLA.D07.MLBS.00042","ACRU","Acer rubrum L.","Insect damaged",,,19.5,,,,,,"mcumberland@battelleecology.org","agifford@battelleecology.org",,
"af91ebd9-03f0-494f-9a95-2bc5d82faa6d","MLBS_064.basePlot.cfc","D07","MLBS","MLBS_064","tower","deciduousForest","WGS84",37.375560,-80.520200,20.3,1179.4,0.34,"NEON.DOC.001024vE","2018-06-19T17:01Z","2018-06-15",,"41","Woody individual","line launcher","gv/1/Di3XvG/XeKiDq533uNglmG8SbKPUanvIM72QHg=","A00000012512",,"gv/1/Di3XvG/XeKiDq533uNglmG8SbKPXwmi/1ZutoQ=","B00000025500",,,,,,,,"Y","00061","NEON.PLA.D07.MLBS.00061","QURU","Quercus rubra L.","Insect damaged",,,14.4,13.6,,,,,"mcumberland@battelleecology.org","agifford@battelleecology.org",,
"65fee2b7-7bf0-428e-bf1f-3b3e0ec7800b","MLBS_064.basePlot.cfc","D07","MLBS","MLBS_064","tower","deciduousForest","WGS84",37.375560,-80.520200,20.3,1179.4,0.34,"NEON.DOC.001024vE","2018-06-19T17:45Z","2018-06-15",,"41","Woody individual","line launcher","gv/1/Di3XvFqdJpFZdQ75VR4GtLQwkBqpjPJI36iV0E=","A00000012530",,"gv/1/Di3XvFqdJpFZdQ75VR4GtLQwkBqNkRxg7z3zQU=","B00000025486",,,,,,,,"Y","00078","NEON.PLA.D07.MLBS.00078","QUAL","Quercus alba L.","Insect damaged",,,11.8,13.7,,,,,"mcumberland@battelleecology.org","agifford@battelleecology.org",,
"5cf9c255-7807-408c-9147-b24b01ae20b0","MLBS_063.basePlot.cfc","D07","MLBS","MLBS_063","tower","deciduousForest","WGS84",37.377486,-80.527932,20.3,1175.7,0.36,"NEON.DOC.001024vE","2018-06-19T19:02Z","2018-06-15",,"41","Woody individual","line launcher","gv/1/Di3XvH43usIH9/MyGpoLUN1vmKwyNhPYIONB68=","A00000012212",,"gv/1/Di3XvH43usIH9/MyGpoLUN1vmKwAj3pvbyeG0Q=","B00000025515",,,,,,,,"Y","01030","NEON.PLA.D07.MLBS.01030","AMLA","Amelanchier laevis Wiegand","OK",,,14.2,14.9,,,,,"mcumberland@battelleecology.org","agifford@battelleecology.org",,
"48414a0e-5e75-4ed1-955e-a501d6bb7014","MLBS_004.basePlot.cfc","D07","MLBS","MLBS_004","distributed","deciduousForest","WGS84",37.429342,-80.511896,20.1,890.4,0.17,"NEON.DOC.001024vE","2018-06-20T11:26Z","2018-06-15",,"31","Woody individual","line launcher","gv/1/Di3XvE8vLvbZ0C+NZd/S/k+JT5Gw4vmDjX9vQ0=","A00000012193",,"gv/1/Di3XvE8vLvbZ0C+NZd/S/k+JT5Go+Lf/14CW3s=","B00000025524",,,,,,,,"Y","01772","NEON.PLA.D07.MLBS.01772","QUAL","Quercus alba L.","OK",,,21.1,,,,,,"mcumberland@battelleecology.org","agifford@battelleecology.org",,
"7bc584e3-d7d0-4e9a-8874-de28eceed5f6","MLBS_004.basePlot.cfc","D07","MLBS","MLBS_004","distributed","deciduousForest","WGS84",37.429342,-80.511896,20.1,890.4,0.17,"NEON.DOC.001024vE","2018-06-20T12:15Z","2018-06-15",,"31","Woody individual","line launcher","gv/1/Di3XvGn0b286CZVHHZ1Rg3E13Vvgls/7NeCIKw=","A00000012245",,"gv/1/Di3XvGn0b286CZVHHZ1Rg3E13Vv9FxHqkZbV4k=","B00000025509",,,,,,,,"Y","01758","NEON.PLA.D07.MLBS.01758","ACRU","Acer rubrum L.","OK",,,14.9,17.4,,,,,"mcumberland@battelleecology.org","agifford@battelleecology.org",,
"6da5d73e-b915-44f0-9558-673c2d881bde","MLBS_004.basePlot.cfc","D07","MLBS","MLBS_004","distributed","deciduousForest","WGS84",37.429342,-80.511896,20.1,890.4,0.17,"NEON.DOC.001024vE","2018-06-20T13:29Z","2018-06-15",,"31","Woody individual","line launcher","gv/1/Di3XvEr5UL7fnWRP65dCrIiiByh0iOS8q3daxM=","A00000012517",,"gv/1/Di3XvEr5UL7fnWRP65dCrIiiByhbwW3yABYq7Y=","B00000025496",,,,,,,,"Y","01730","NEON.PLA.D07.MLBS.01730","QURU","Quercus rubra L.","OK",,,20.0,,,,,,"mcumberland@battelleecology.org","agifford@battelleecology.org",,
"3e216ac2-5b27-4924-bdef-724d9ad3a160","MLBS_008.basePlot.cfc","D07","MLBS","MLBS_008","distributed","deciduousForest","WGS84",37.426865,-80.499069,20.2,939.0,0.30,"NEON.DOC.001024vE","2018-06-20T14:42Z","2018-06-15",,"31","Woody individual","line launcher","gv/1/Di3XvGiGQlUFc+uCU+P8T5wjxhbwZd+UbiTwic=","A00000012197",,"gv/1/Di3XvGiGQlUFc+uCU+P8T5wjxhbaEq1CUWq3GE=","B00000025520",,,,,,,,"Y","01798","NEON.PLA.D07.MLBS.01798","LITU","Liriodendron tulipifera L.","OK",,,29.3,,,,,,"mcumberland@battelleecology.org","agifford@battelleecology.org",,
"62e1e660-dbfa-4534-89cc-f5cacad93c22","MLBS_008.basePlot.cfc","D07","MLBS","MLBS_008","distributed","deciduousForest","WGS84",37.426865,-80.499069,20.2,939.0,0.30,"NEON.DOC.001024vE","2018-06-20T15:10Z","2018-06-15",,"31","Woody individual","line launcher","gv/1/Di3XvGiGQlUFc+uCZpbk98VpY36w3dAjRxIEzw=","A00000012248",,"gv/1/Di3XvGiGQlUFc+uCZpbk98VpY36y6o59onte0o=","B00000025505",,,,,,,,"Y","01785","NEON.PLA.D07.MLBS.01785","LITU","Liriodendron tulipifera L.","OK",,,26.3,25.8,,,,,"mcumberland@battelleecology.org","agifford@battelleecology.org",,
"32a27bf9-a544-40dd-96b9-035039107991","MLBS_008.basePlot.cfc","D07","MLBS","MLBS_008","distributed","deciduousForest","WGS84",37.426865,-80.499069,20.2,939.0,0.30,"NEON.DOC.001024vE","2018-06-20T15:37Z","2018-06-15",,"31","Woody individual","line launcher","gv/1/Di3XvGiGQlUFc+uCYKAYxBJv7Y7ka4dF6yMvDg=","A00000012521",,"gv/1/Di3XvGiGQlUFc+uCYKAYxBJv7Y7XOxoNFUrBvA=","B00000025491",,,,,,,,"Y","01777","NEON.PLA.D07.MLBS.01777","LITU","Liriodendron tulipifera L.","OK",,,31.6,,,,,,"mcumberland@battelleecology.org","agifford@battelleecology.org",,
"8ce2bbd1-7fa5-4633-a286-2af03f651f01","MLBS_007.basePlot.cfc","D07","MLBS","MLBS_007","distributed","deciduousForest","WGS84",37.427946,-80.571837,20.1,806.2,0.21,"NEON.DOC.001024vE","2018-06-20T17:58Z","2018-06-15",,"31","Woody individual","line launcher","gv/1/Di3XvFGUoPnUGsFYIPb8/i7ah2RmgjxFl7aJww=","A00000012196",,"gv/1/Di3XvFGUoPnUGsFYIPb8/i7ah2R09OcPFmnV3E=","B00000025521",,,,,,,,"Y","01833","NEON.PLA.D07.MLBS.01833","QUAL","Quercus alba L.","OK",,,18.7,20.3,23.0,,,,"mcumberland@battelleecology.org","agifford@battelleecology.org",,
"06bac559-39f5-4310-b5cf-5aeb795bcd03","MLBS_007.basePlot.cfc","D07","MLBS","MLBS_007","distributed","deciduousForest","WGS84",37.427946,-80.571837,20.1,806.2,0.21,"NEON.DOC.001024vE","2018-06-20T19:34Z","2018-06-15",,"31","Woody individual","line launcher","gv/1/Di3XvFGUoPnUGsFYFaOXc2fXj14FXdAcEeJdnQ=","A00000012246",,"gv/1/Di3XvFGUoPnUGsFYFaOXc2fXj14Ab7D1xhy2ws=","B00000025506",,,,,,,,"Y","01848","NEON.PLA.D07.MLBS.01848","QUAL","Quercus alba L.","Insect damaged",,,21.9,,,,,,"mcumberland@battelleecology.org","agifford@battelleecology.org",,
"8502b6e0-6d93-45d8-9af3-e3b2495f633e","MLBS_007.basePlot.cfc","D07","MLBS","MLBS_007","distributed","deciduousForest","WGS84",37.427946,-80.571837,20.1,806.2,0.21,"NEON.DOC.001024vE","2018-06-20T20:03Z","2018-06-15",,"31","Woody individual","line launcher","gv/1/Di3XvFQkGvmBfP/Xnm8lu17YBlu2SPPf9zCw+s=","A00000012520",,"gv/1/Di3XvFQkGvmBfP/Xnm8lu17YBlu6GrirG7C0/I=","B00000025492",,,,,,,,"Y","01866","NEON.PLA.D07.MLBS.01866","QURU","Quercus rubra L.","OK",,,20.3,,,,,,"mcumberland@battelleecology.org","agifford@battelleecology.org",,
"d9da2b80-b57f-4e3d-a0cd-33ef594c8544","MLBS_067.basePlot.cfc","D07","MLBS","MLBS_067","tower","deciduousForest","WGS84",37.378569,-80.527279,20.1,1171.6,0.31,"NEON.DOC.001024vE","2018-06-21T13:15Z","2018-06-15",,"41","Woody individual","line launcher","gv/1/Di3XvGuZzx1FjU753RDy4OIxozxiqsfMBMELV8=","A00000012214",,"gv/1/Di3XvGuZzx1FjU753RDy4OIxozxc2NzJxKbOMQ=","B00000025513",,,,,,,,"Y","00884","NEON.PLA.D07.MLBS.00884","QUAL","Quercus alba L.","Insect damaged",,,14.4,,,,,,"mcumberland@battelleecology.org","agifford@battelleecology.org",,
"51f86f0e-6cd9-4075-b743-53cce0da7d63","MLBS_067.basePlot.cfc","D07","MLBS","MLBS_067","tower","deciduousForest","WGS84",37.378569,-80.527279,20.1,1171.6,0.31,"NEON.DOC.001024vE","2018-06-21T14:05Z","2018-06-15",,"41","Woody individual","line launcher","gv/1/Di3XvElQjB9PeqBBLohiUb1X/dR4cp/wp6LXFs=","A00000012513",,"gv/1/Di3XvElQjB9PeqBBLohiUb1X/dR6NaVlH8GGtc=","B00000025499",,,,,,,,"Y","00863","NEON.PLA.D07.MLBS.00863","ACRU","Acer rubrum L.","OK",,,13.1,16.2,,,,,"mcumberland@battelleecology.org","agifford@battelleecology.org",,
"6628ecf8-0086-4d26-bca0-b9b6e2f300a5","MLBS_067.basePlot.cfc","D07","MLBS","MLBS_067","tower","deciduousForest","WGS84",37.378569,-80.527279,20.1,1171.6,0.31,"NEON.DOC.001024vE","2018-06-21T14:40Z","2018-06-15",,"21","Woody individual","line launcher","gv/1/Di3XvFzGlWy8/wE3ilG4PQuaho2hAC4JdvA/Fk=","A00000012531",,"gv/1/Di3XvFzGlWy8/wE3ilG4PQuaho2i//m6NTIcyI=","B00000025488",,,,,,,,"Y","00951","NEON.PLA.D07.MLBS.00951","QURU","Quercus rubra L.","Insect damaged",,,15.4,,,,,,"mcumberland@battelleecology.org","agifford@battelleecology.org",,
"ce4e9b5e-f443-4ddd-8d31-0116e64ab10e","MLBS_006.basePlot.cfc","D07","MLBS","MLBS_006","distributed","deciduousForest","WGS84",37.426799,-80.564064,20.1,777.0,0.22,"NEON.DOC.001024vE","2018-06-25T18:20Z","2018-06-15",,"31","Woody individual","line launcher","gv/1/Di3XvFmJEE349yKH3RiArYnImHZrP8woNT2Txk=","A00000012519",,"gv/1/Di3XvFmJEE349yKH3RiArYnImHZcroyM5t/jULQs/0f8neaPQ==","B00000025493",,,,,,,,"Y","01886","NEON.PLA.D07.MLBS.01886","PIEC2","Pinus echinata Mill.","OK",,,16.7,,,,,,"cmorgan01@battelleecology.org","aferchaud@battelleecology.org",,
"7a6e160e-da83-428c-91bd-07c2fefb8d51","MLBS_006.basePlot.cfc","D07","MLBS","MLBS_006","distributed","deciduousForest","WGS84",37.426799,-80.564064,20.1,777.0,0.22,"NEON.DOC.001024vE","2018-06-25T19:15Z","2018-06-15",,"31","Woody individual","line launcher","gv/1/Di3XvFmJEE349yKH5i7cabi61zSKmqxprSDlMg=","A00000012195",,"gv/1/Di3XvFmJEE349yKH5i7cabi61zSE8UBj1y3Vpmjcx1pN/bY0A==","B00000025522",,,,,,,,"Y","01890","NEON.PLA.D07.MLBS.01890","PIEC2","Pinus echinata Mill.","OK",,,13.7,,,,,,"cmorgan01@battelleecology.org","aferchaud@battelleecology.org",,
"b3aa4329-a009-4622-b03e-8e0640f46ffc","MLBS_006.basePlot.cfc","D07","MLBS","MLBS_006","distributed","deciduousForest","WGS84",37.426799,-80.564064,20.1,777.0,0.22,"NEON.DOC.001024vE","2018-06-25T20:00Z","2018-06-15",,"31","Woody individual","line launcher","gv/1/Di3XvFmJEE349yKH4SporpX+KfUkGAzZFDbusY=","A00000012232",,"gv/1/Di3XvFmJEE349yKH4SporpX+KfUyUJYehlKB8Jr8t4UlLGMSA==","B00000025507",,,,,,,,"Y","01881","NEON.PLA.D07.MLBS.01881","PIEC2","Pinus echinata Mill.","OK",,,14.8,,,,,,"cmorgan01@battelleecology.org","aferchaud@battelleecology.org",,
"0540c922-c227-40c2-b78a-1ebbc386bfbf","MLBS_010.basePlot.cfc","D07","MLBS","MLBS_010","distributed","deciduousForest","WGS84",37.365565,-80.526343,20.1,1237.0,0.21,"NEON.DOC.001024vE","2018-06-26T13:30Z","2018-06-15",,"31","Woody individual","line launcher","gv/1/Di3XvEsS/ifmYVa1vtSSZDKqecxWOh7kCWb+h0=","A00000012210",,"gv/1/Di3XvEsS/ifmYVa1vtSSZDKqecxvWn0mUK5XpY=","B00000025517",,,,,,,,"Y","01568","NEON.PLA.D07.MLBS.01568","ACRU","Acer rubrum L.","Insect damaged",,,17.0,,,,,,"cmorgan01@battelleecology.org","aferchaud@battelleecology.org",,
"f6566a37-f6d5-45ba-851c-7268c9c4190b","MLBS_010.basePlot.cfc","D07","MLBS","MLBS_010","distributed","deciduousForest","WGS84",37.365565,-80.526343,20.1,1237.0,0.21,"NEON.DOC.001024vE","2018-06-26T13:45Z","2018-06-15",,"31","Woody individual","line launcher","gv/1/Di3XvGQrtxvgZITVO6hYlYuZLx8r7g8CyuAmZg=","A00000012527",,"gv/1/Di3XvGQrtxvgZITVO6hYlYuZLx8Uki0y+E6a2Q=","B00000025487",,,,,,,,"Y","01584","NEON.PLA.D07.MLBS.01584","QURU","Quercus rubra L.","Insect damaged",,,18.0,,,,,,"cmorgan01@battelleecology.org","aferchaud@battelleecology.org",,
"d4eaca87-4412-4338-90d0-28d6acb7a9f7","MLBS_010.basePlot.cfc","D07","MLBS","MLBS_010","distributed","deciduousForest","WGS84",37.365565,-80.526343,20.1,1237.0,0.21,"NEON.DOC.001024vE","2018-06-26T14:15Z","2018-06-15",,"31","Woody individual","line launcher","gv/1/Di3XvFD3Izr4ImFs8zUfeIhClwY/z2dTBo+AKU=","A00000012509",,"gv/1/Di3XvFD3Izr4ImFs8zUfeIhClwYnUKgCFRgFuE=","B00000025503",,,,,,,,"Y","01610A","NEON.PLA.D07.MLBS.01610A","AMLA","Amelanchier laevis Wiegand","OK",,,4.7,,,,,,"cmorgan01@battelleecology.org","aferchaud@battelleecology.org",,
"86070a56-e3b5-4ac5-b00a-c4f6ef0ba2e9","MLBS_003.basePlot.cfc","D07","MLBS","MLBS_003","distributed","deciduousForest","WGS84",37.368528,-80.526975,20.2,1223.1,0.26,"NEON.DOC.001024vE","2018-06-26T15:15Z","2018-06-15",,"31","Woody individual","line launcher","gv/1/Di3XvHW5/4uHYOlmUBFRWwoYmpLZaNyYO1O7Jk=","A00000012176",,"gv/1/Di3XvHW5/4uHYOlmUBFRWwoYmpLzbhiSwCaBIs=","B00000025525",,,,,,,,"Y","01546","NEON.PLA.D07.MLBS.01546","ACRU","Acer rubrum L.","Insect damaged",,,10.3,,,,,,"cmorgan01@battelleecology.org","aferchaud@battelleecology.org",,
"fb2d79dd-825f-40b9-9bb8-790644411e25","MLBS_003.basePlot.cfc","D07","MLBS","MLBS_003","distributed","deciduousForest","WGS84",37.368528,-80.526975,20.2,1223.1,0.26,"NEON.DOC.001024vE","2018-06-26T16:00Z","2018-06-15",,"31","Woody individual","line launcher","gv/1/Di3XvHehpWEgxlzdNrpvifZbD0S0/rg/gndvPI=","A00000012228",,"gv/1/Di3XvHehpWEgxlzdNrpvifZbD0SWd/mKzZ/Xh8=","B00000025510",,,,,,,,"Y","01539","NEON.PLA.D07.MLBS.01539","QURU","Quercus rubra L.","Insect damaged",,,18.3,,,,,,"cmorgan01@battelleecology.org","aferchaud@battelleecology.org",,
"cf5f7a8c-55a1-4a1a-9d92-a1f4623cc59b","MLBS_003.basePlot.cfc","D07","MLBS","MLBS_003","distributed","deciduousForest","WGS84",37.368528,-80.526975,20.2,1223.1,0.26,"NEON.DOC.001024vE","2018-06-26T17:00Z","2018-06-15",,"31","Woody individual","line launcher","gv/1/Di3XvHehpWEgxlzdG2sOQ6SoM+chK+EhrGMf34=","A00000012516",,"gv/1/Di3XvHehpWEgxlzdG2sOQ6SoM+cpNkKIO4AfmQ=","B00000025494",,,,,,,,"Y","01566","NEON.PLA.D07.MLBS.01566","QURU","Quercus rubra L.","Insect damaged",,,18.0,,,,,,"cmorgan01@battelleecology.org","aferchaud@battelleecology.org",,
"d990d1a5-9069-4a50-a328-93fe45e347b6","MLBS_002.basePlot.cfc","D07","MLBS","MLBS_002","distributed","deciduousForest","WGS84",37.372058,-80.524252,20.2,1178.5,0.33,"NEON.DOC.001024vE","2018-06-26T18:00Z","2018-06-15",,"31","Woody individual","line launcher","gv/1/Di3XvFHQUg03G1z8aiepKG3SBeboaMOYV0/J6E=","A00000012177",,"gv/1/Di3XvFHQUg03G1z8aiepKG3SBebKLwN5gCkjT4=","B00000025526",,,,,,,,"Y","01506","NEON.PLA.D07.MLBS.01506","AMLA","Amelanchier laevis Wiegand","OK",,,7.5,,,,,,"cmorgan01@battelleecology.org","aferchaud@battelleecology.org",,
"c3ef2953-0eef-41ce-84c0-712b9a1767a2","MLBS_002.basePlot.cfc","D07","MLBS","MLBS_002","distributed","deciduousForest","WGS84",37.372058,-80.524252,20.2,1178.5,0.33,"NEON.DOC.001024vE","2018-06-26T18:00Z","2018-06-15",,"31","Woody individual","line launcher","gv/1/Di3XvGK91WgTxBVo5F5JuaX6eseM3/Tlqd7008=",,,"gv/1/Di3XvGK91WgTxBVo5F5JuaX6eseiqSU/v6QbWvpYh+wav6EgQ==","B00000025512",,,,,,,,"Y","01538","NEON.PLA.D07.MLBS.01538","BEAL2","Betula alleghaniensis Britton","OK",,,9.8,,,,,,"cmorgan01@battelleecology.org","aferchaud@battelleecology.org",,
"58d6e218-9199-4df6-b8c0-f80c6026c80d","MLBS_002.basePlot.cfc","D07","MLBS","MLBS_002","distributed","deciduousForest","WGS84",37.372058,-80.524252,20.2,1178.5,0.33,"NEON.DOC.001024vE","2018-06-26T18:45Z","2018-06-15",,"31","Woody individual","line launcher","gv/1/Di3XvGK91WgTxBVo+nMQa7ZsC4f20gN9hBtLuo=","A00000012515",,"gv/1/Di3XvGK91WgTxBVo+nMQa7ZsC4fCSEEusPQpK8zRL3KHLT+2w==","B00000025497",,,,,,,,"Y","01493","NEON.PLA.D07.MLBS.01493","BEAL2","Betula alleghaniensis Britton","OK",,,13.1,,,,,,"cmorgan01@battelleecology.org","aferchaud@battelleecology.org",,
"ba3b7f3e-b1d2-4cf3-89ff-32657446a4bb","MLBS_005.basePlot.cfc","D07","MLBS","MLBS_005","distributed","deciduousForest","WGS84",37.363106,-80.521589,20.2,1266.8,0.25,"NEON.DOC.001024vE","2018-06-27T13:45Z","2018-06-15",,"31","Woody individual","line launcher","gv/1/Di3XvFEKANMBQRw0h94UiIlL3Z52k2gRUEs5/M=","A00000012194",,"gv/1/Di3XvFEKANMBQRw0h94UiIlL3Z55w5MsP80Y90=","B00000025523",,,,,,,,"Y","01711","NEON.PLA.D07.MLBS.01711","ACRU","Acer rubrum L.","Insect damaged",,,7.9,,,,,,"cmorgan01@battelleecology.org","aferchaud@battelleecology.org",,
"3907ce08-a172-4fc0-9c4b-f7f14a38b8d1","MLBS_005.basePlot.cfc","D07","MLBS","MLBS_005","distributed","deciduousForest","WGS84",37.363106,-80.521589,20.2,1266.8,0.25,"NEON.DOC.001024vE","2018-06-27T14:20Z","2018-06-15",,"31","Woody individual","line launcher","gv/1/Di3XvHRDXUacuknY/bk8T+lluwbCiYyNxLIGpk=","A00000012231",,"gv/1/Di3XvHRDXUacuknY/bk8T+lluwb1x6O5UKggFQ=","B00000025508",,,,,,,,"Y","01718","NEON.PLA.D07.MLBS.01718","QUAL","Quercus alba L.","Insect damaged",,,15.7,,,,,,"cmorgan01@battelleecology.org","aferchaud@battelleecology.org",,
"8676da67-9bb1-4e73-87c1-ec661bc26005","MLBS_005.basePlot.cfc","D07","MLBS","MLBS_005","distributed","deciduousForest","WGS84",37.363106,-80.521589,20.2,1266.8,0.25,"NEON.DOC.001024vE","2018-06-27T15:00Z","2018-06-15",,"31","Woody individual","line launcher","gv/1/Di3XvG2yNIafHW7IJmGdyYS6Eb6OWpJf9ilKGI=","A00000012518",,"gv/1/Di3XvG2yNIafHW7IJmGdyYS6Eb6Ll+VETqrH/g=","B00000025495",,,,,,,,"Y","01685","NEON.PLA.D07.MLBS.01685","QURU","Quercus rubra L.","Insect damaged",,,13.5,,,,,,"cmorgan01@battelleecology.org","aferchaud@battelleecology.org",,
"fd360b60-635e-4c13-a977-efac542c2699","MLBS_001.basePlot.cfc","D07","MLBS","MLBS_001","distributed","deciduousForest","WGS84",37.360700,-80.524992,20.2,1310.9,0.22,"NEON.DOC.001024vE","2018-06-27T16:30Z","2018-06-15",,"31","Woody individual","line launcher","gv/1/Di3XvF3cnDy5BBtPvW1F/VSnN/aCjtRIg6gfYM=","A00000012178",,"gv/1/Di3XvF3cnDy5BBtPvW1F/VSnN/aawR8eJ9tVje+MsWUZrUarA==","B00000025519",,,,,,,,"Y","01640","NEON.PLA.D07.MLBS.01640","BEAL2","Betula alleghaniensis Britton","OK",,,7.2,,,,,,"cmorgan01@battelleecology.org","aferchaud@battelleecology.org",,
"accd26f7-dd25-4719-801f-5fd09352e540","MLBS_001.basePlot.cfc","D07","MLBS","MLBS_001","distributed","deciduousForest","WGS84",37.360700,-80.524992,20.2,1310.9,0.22,"NEON.DOC.001024vE","2018-06-27T17:00Z","2018-06-15",,"31","Woody individual","line launcher","gv/1/Di3XvEFzcDzDUTjHBJMFIYYdhZqvdz2e0WFhIM=","A00000012244",,"gv/1/Di3XvEFzcDzDUTjHBJMFIYYdhZqr+61U3/btwQ=","B00000025511",,,,,,,,"Y","01661","NEON.PLA.D07.MLBS.01661","ACRU","Acer rubrum L.","Insect damaged",,,8.9,,,,,,"cmorgan01@battelleecology.org","aferchaud@battelleecology.org",,
"beaccdd2-272a-4582-a6a0-cdd048ce1ffb","MLBS_001.basePlot.cfc","D07","MLBS","MLBS_001","distributed","deciduousForest","WGS84",37.360700,-80.524992,20.2,1310.9,0.22,"NEON.DOC.001024vE","2018-06-27T17:20Z","2018-06-15",,"31","Woody individual","line launcher","gv/1/Di3XvFpXTGDRuAs1IJyD6pGKMzUEEVvcHvNfWE=","A00000012514",,"gv/1/Di3XvFpXTGDRuAs1IJyD6pGKMzUVo3SFfPRVmE=","B00000025498",,,,,,,,"Y","01655","NEON.PLA.D07.MLBS.01655","QURU","Quercus rubra L.","Insect damaged",,,8.7,,,,,,"cmorgan01@battelleecology.org","aferchaud@battelleecology.org",,
